IndicatorCode,Indicator,ValueType,ParentLocationCode,ParentLocation,Location type,SpatialDimValueCode,Location,Period type,Period,IsLatestYear,Dim1 type,Dim1,Dim1ValueCode,Dim2 type,Dim2,Dim2ValueCode,Dim3 type,Dim3,Dim3ValueCode,DataSourceDimValueCode,DataSource,FactValueNumericPrefix,FactValueNumeric,FactValueUoM,FactValueNumericLowPrefix,FactValueNumericLow,FactValueNumericHighPrefix,FactValueNumericHigh,Value,FactValueTranslationID,FactComments,Language,DateModified
MH_12,Age-standardized suicide rates (per 100 000 population),numeric,AMR,Americas,Country,BRB,Barbados,Year,2018,FALSE,Sex,Both sexes,BTSX,,,,,,,,,,0.31,,,0.22,,0.43,0.31 [0.22 – 0.43],,,EN,2021-02-08T13:00:00.000Z
MH_12,Age-standardized suicide rates (per 100 000 population),numeric,AMR,Americas,Country,ATG,Antigua and Barbuda,Year,2018,FALSE,Sex,Both sexes,BTSX,,,,,,,,,,0.32,,,0.22,,0.46,0.32 [0.22 – 0.46],,,EN,2021-02-08T13:00:00.000Z
MH_12,Age-standardized suicide rates (per 100 000 population),numeric,AMR,Americas,Country,GRD,Grenada,Year,2018,FALSE,Sex,Both sexes,BTSX,,,,,,,,,,0.35,,,0.23,,0.5,0.35 [0.23 – 0.5],,,EN,2021-02-08T13:00:00.000Z
MH_12,Age-standardized suicide rates (per 100 000 population),numeric,AMR,Americas,Country,VCT,Saint Vincent and the Grenadines,Year,2018,FALSE,Sex,Both sexes,BTSX,,,,,,,,,,1.03,,,0.72,,1.42,1.03 [0.72 – 1.42],,,EN,2021-02-08T13:00:00.000Z
MH_12,Age-standardized suicide rates (per 100 000 population),numeric,EUR,Europe,Country,ARM,Armenia,Year,2018,FALSE,Sex,Both sexes,BTSX,,,,,,,,,,1.65,,,1.23,,2.17,1.65 [1.23 – 2.17],,,EN,2021-02-08T13:00:00.000Z
MH_12,Age-standardized suicide rates (per 100 000 population),numeric,EMR,Eastern Mediterranean,Country,JOR,Jordan,Year,2018,FALSE,Sex,Both sexes,BTSX,,,,,,,,,,1.94,,,1.27,,2.81,1.94 [1.27 – 2.81],,,EN,2021-02-08T13:00:00.000Z
MH_12,Age-standardized suicide rates (per 100 000 population),numeric,EUR,Europe,Country,FRA,France,Year,2018,FALSE,Sex,Both sexes,BTSX,,,,,,,,,,10.05,,,8.22,,15.42,10.05 [8.22 – 15.42],,,EN,2021-02-08T13:00:00.000Z
MH_12,Age-standardized suicide rates (per 100 000 population),numeric,EUR,Europe,Country,ISL,Iceland,Year,2018,FALSE,Sex,Both sexes,BTSX,,,,,,,,,,10.12,,,7.98,,12.53,10.12 [7.98 – 12.53],,,EN,2021-02-08T13:00:00.000Z
MH_12,Age-standardized suicide rates (per 100 000 population),numeric,AFR,Africa,Country,NER,Niger,Year,2018,FALSE,Sex,Both sexes,BTSX,,,,,,,,,,10.13,,,5.37,,17.68,10.13 [5.37 – 17.68],,,EN,2021-02-08T13:00:00.000Z
MH_12,Age-standardized suicide rates (per 100 000 population),numeric,EUR,Europe,Country,NOR,Norway,Year,2018,FALSE,Sex,Both sexes,BTSX,,,,,,,,,,10.13,,,9.23,,11.14,10.13 [9.23 – 11.14],,,EN,2021-02-08T13:00:00.000Z
MH_12,Age-standardized suicide rates (per 100 000 population),numeric,AMR,Americas,Country,CUB,Cuba,Year,2018,FALSE,Sex,Both sexes,BTSX,,,,,,,,,,10.17,,,7.9,,17.28,10.17 [7.9 – 17.28],,,EN,2021-02-08T13:00:00.000Z
MH_12,Age-standardized suicide rates (per 100 000 population),numeric,AFR,Africa,Country,UGA,Uganda,Year,2018,FALSE,Sex,Both sexes,BTSX,,,,,,,,,,10.25,,,6.33,,16.09,10.25 [6.33 – 16.09],,,EN,2021-02-08T13:00:00.000Z
MH_12,Age-standardized suicide rates (per 100 000 population),numeric,EUR,Europe,Country,POL,Poland,Year,2018,FALSE,Sex,Both sexes,BTSX,,,,,,,,,,10.4,,,8.43,,12.65,10.4 [8.43 – 12.65],,,EN,2021-02-08T13:00:00.000Z
MH_12,Age-standardized suicide rates (per 100 000 population),numeric,AMR,Americas,Country,CAN,Canada,Year,2018,FALSE,Sex,Both sexes,BTSX,,,,,,,,,,10.5,,,8.62,,14.92,10.5 [8.62 – 14.92],,,EN,2021-02-08T13:00:00.000Z
MH_12,Age-standardized suicide rates (per 100 000 population),numeric,WPR,Western Pacific,Country,NZL,New Zealand,Year,2018,FALSE,Sex,Both sexes,BTSX,,,,,,,,,,10.66,,,8.97,,12.56,10.66 [8.97 – 12.56],,,EN,2021-02-08T13:00:00.000Z
MH_12,Age-standardized suicide rates (per 100 000 population),numeric,AFR,Africa,Country,GHA,Ghana,Year,2018,FALSE,Sex,Both sexes,BTSX,,,,,,,,,,10.79,,,6.63,,16.36,10.79 [6.63 – 16.36],,,EN,2021-02-08T13:00:00.000Z
MH_12,Age-standardized suicide rates (per 100 000 population),numeric,EUR,Europe,Country,CZE,Czechia,Year,2018,FALSE,Sex,Both sexes,BTSX,,,,,,,,,,10.83,,,8.63,,13.33,10.83 [8.63 – 13.33],,,EN,2021-02-08T13:00:00.000Z
MH_12,Age-standardized suicide rates (per 100 000 population),numeric,AFR,Africa,Country,KEN,Kenya,Year,2018,FALSE,Sex,Both sexes,BTSX,,,,,,,,,,11.03,,,7.84,,15.09,11.03 [7.84 – 15.09],,,EN,2021-02-08T13:00:00.000Z
MH_12,Age-standardized suicide rates (per 100 000 population),numeric,AFR,Africa,Country,MWI,Malawi,Year,2018,FALSE,Sex,Both sexes,BTSX,,,,,,,,,,11.04,,,6.94,,16.61,11.04 [6.94 – 16.61],,,EN,2021-02-08T13:00:00.000Z
MH_12,Age-standardized suicide rates (per 100 000 population),numeric,EUR,Europe,Country,HRV,Croatia,Year,2018,FALSE,Sex,Both sexes,BTSX,,,,,,,,,,11.1,,,8.18,,14.68,11.1 [8.18 – 14.68],,,EN,2021-02-08T13:00:00.000Z
MH_12,Age-standardized suicide rates (per 100 000 population),numeric,AFR,Africa,Country,SEN,Senegal,Year,2018,FALSE,Sex,Both sexes,BTSX,,,,,,,,,,11.16,,,6.73,,17.33,11.16 [6.73 – 17.33],,,EN,2021-02-08T13:00:00.000Z
MH_12,Age-standardized suicide rates (per 100 000 population),numeric,EUR,Europe,Country,AUT,Austria,Year,2018,FALSE,Sex,Both sexes,BTSX,,,,,,,,,,11.19,,,9.38,,13.24,11.19 [9.38 – 13.24],,,EN,2021-02-08T13:00:00.000Z
MH_12,Age-standardized suicide rates (per 100 000 population),numeric,AFR,Africa,Country,SLE,Sierra Leone,Year,2018,FALSE,Sex,Both sexes,BTSX,,,,,,,,,,11.2,,,6.17,,18.7,11.2 [6.17 – 18.7],,,EN,2021-02-08T13:00:00.000Z
MH_12,Age-standardized suicide rates (per 100 000 population),numeric,WPR,Western Pacific,Country,AUS,Australia,Year,2018,FALSE,Sex,Both sexes,BTSX,,,,,,,,,,11.26,,,9.4,,13.34,11.26 [9.4 – 13.34],,,EN,2021-02-08T13:00:00.000Z
MH_12,Age-standardized suicide rates (per 100 000 population),numeric,AMR,Americas,Country,HTI,Haiti,Year,2018,FALSE,Sex,Both sexes,BTSX,,,,,,,,,,11.37,,,5.84,,18.86,11.37 [5.84 – 18.86],,,EN,2021-02-08T13:00:00.000Z
MH_12,Age-standardized suicide rates (per 100 000 population),numeric,EUR,Europe,Country,EST,Estonia,Year,2018,FALSE,Sex,Both sexes,BTSX,,,,,,,,,,11.56,,,8.29,,15.61,11.56 [8.29 – 15.61],,,EN,2021-02-08T13:00:00.000Z
MH_12,Age-standardized suicide rates (per 100 000 population),numeric,AFR,Africa,Country,COG,Congo,Year,2018,FALSE,Sex,Both sexes,BTSX,,,,,,,,,,11.63,,,6.9,,18.38,11.63 [6.9 – 18.38],,,EN,2021-02-08T13:00:00.000Z
MH_12,Age-standardized suicide rates (per 100 000 population),numeric,EUR,Europe,Country,MDA,Republic of Moldova,Year,2018,FALSE,Sex,Both sexes,BTSX,,,,,,,,,,11.88,,,9.46,,14.78,11.88 [9.46 – 14.78],,,EN,2021-02-08T13:00:00.000Z
MH_12,Age-standardized suicide rates (per 100 000 population),numeric,EMR,Eastern Mediterranean,Country,DJI,Djibouti,Year,2018,FALSE,Sex,Both sexes,BTSX,,,,,,,,,,12.17,,,6,,21.76,12.17 [6 – 21.76],,,EN,2021-02-08T13:00:00.000Z
MH_12,Age-standardized suicide rates (per 100 000 population),numeric,AFR,Africa,Country,GIN,Guinea,Year,2018,FALSE,Sex,Both sexes,BTSX,,,,,,,,,,12.24,,,6.7,,20.39,12.24 [6.7 – 20.39],,,EN,2021-02-08T13:00:00.000Z
MH_12,Age-standardized suicide rates (per 100 000 population),numeric,AFR,Africa,Country,BDI,Burundi,Year,2018,FALSE,Sex,Both sexes,BTSX,,,,,,,,,,12.31,,,7.33,,19.97,12.31 [7.33 – 19.97],,,EN,2021-02-08T13:00:00.000Z
MH_12,Age-standardized suicide rates (per 100 000 population),numeric,AFR,Africa,Country,AGO,Angola,Year,2018,FALSE,Sex,Both sexes,BTSX,,,,,,,,,,12.35,,,7.58,,19.05,12.35 [7.58 – 19.05],,,EN,2021-02-08T13:00:00.000Z
MH_12,Age-standardized suicide rates (per 100 000 population),numeric,AFR,Africa,Country,COD,Democratic Republic of the Congo,Year,2018,FALSE,Sex,Both sexes,BTSX,,,,,,,,,,12.39,,,7.43,,19.57,12.39 [7.43 – 19.57],,,EN,2021-02-08T13:00:00.000Z
MH_12,Age-standardized suicide rates (per 100 000 population),numeric,EUR,Europe,Country,HUN,Hungary,Year,2018,FALSE,Sex,Both sexes,BTSX,,,,,,,,,,12.58,,,10.01,,15.55,12.58 [10.01 – 15.55],,,EN,2021-02-08T13:00:00.000Z
MH_12,Age-standardized suicide rates (per 100 000 population),numeric,EUR,Europe,Country,SWE,Sweden,Year,2018,FALSE,Sex,Both sexes,BTSX,,,,,,,,,,12.69,,,10.91,,14.59,12.69 [10.91 – 14.59],,,EN,2021-02-08T13:00:00.000Z
MH_12,Age-standardized suicide rates (per 100 000 population),numeric,EUR,Europe,Country,SVN,Slovenia,Year,2018,FALSE,Sex,Both sexes,BTSX,,,,,,,,,,12.79,,,9.34,,17.18,12.79 [9.34 – 17.18],,,EN,2021-02-08T13:00:00.000Z
MH_12,Age-standardized suicide rates (per 100 000 population),numeric,SEAR,South-East Asia,Country,IND,India,Year,2018,FALSE,Sex,Both sexes,BTSX,,,,,,,,,,12.88,,,9.36,,16.05,12.88 [9.36 – 16.05],,,EN,2021-02-08T13:00:00.000Z
MH_12,Age-standardized suicide rates (per 100 000 population),numeric,AFR,Africa,Country,GNB,Guinea-Bissau,Year,2018,FALSE,Sex,Both sexes,BTSX,,,,,,,,,,12.9,,,7.3,,20.91,12.9 [7.3 – 20.91],,,EN,2021-02-08T13:00:00.000Z
MH_12,Age-standardized suicide rates (per 100 000 population),numeric,AFR,Africa,Country,BEN,Benin,Year,2018,FALSE,Sex,Both sexes,BTSX,,,,,,,,,,12.97,,,7.74,,20.76,12.97 [7.74 – 20.76],,,EN,2021-02-08T13:00:00.000Z
MH_12,Age-standardized suicide rates (per 100 000 population),numeric,SEAR,South-East Asia,Country,LKA,Sri Lanka,Year,2018,FALSE,Sex,Both sexes,BTSX,,,,,,,,,,13.24,,,8.59,,21.58,13.24 [8.59 – 21.58],,,EN,2021-02-08T13:00:00.000Z
MH_12,Age-standardized suicide rates (per 100 000 population),numeric,WPR,Western Pacific,Country,JPN,Japan,Year,2018,FALSE,Sex,Both sexes,BTSX,,,,,,,,,,13.37,,,12.73,,13.98,13.37 [12.73 – 13.98],,,EN,2021-02-08T13:00:00.000Z
MH_12,Age-standardized suicide rates (per 100 000 population),numeric,AFR,Africa,Country,GAB,Gabon,Year,2018,FALSE,Sex,Both sexes,BTSX,,,,,,,,,,13.56,,,7.8,,21.82,13.56 [7.8 – 21.82],,,EN,2021-02-08T13:00:00.000Z
MH_12,Age-standardized suicide rates (per 100 000 population),numeric,AFR,Africa,Country,TCD,Chad,Year,2018,FALSE,Sex,Both sexes,BTSX,,,,,,,,,,13.57,,,7.78,,22,13.57 [7.78 – 22],,,EN,2021-02-08T13:00:00.000Z
MH_12,Age-standardized suicide rates (per 100 000 population),numeric,AFR,Africa,Country,NAM,Namibia,Year,2018,FALSE,Sex,Both sexes,BTSX,,,,,,,,,,13.74,,,7.85,,22.9,13.74 [7.85 – 22.9],,,EN,2021-02-08T13:00:00.000Z
MH_12,Age-standardized suicide rates (per 100 000 population),numeric,AFR,Africa,Country,GNQ,Equatorial Guinea,Year,2018,FALSE,Sex,Both sexes,BTSX,,,,,,,,,,14.06,,,7.51,,25.32,14.06 [7.51 – 25.32],,,EN,2021-02-08T13:00:00.000Z
MH_12,Age-standardized suicide rates (per 100 000 population),numeric,AMR,Americas,Country,USA,United States of America,Year,2018,FALSE,Sex,Both sexes,BTSX,,,,,,,,,,14.09,,,13.23,,18.84,14.09 [13.23 – 18.84],,,EN,2021-02-08T13:00:00.000Z
MH_12,Age-standardized suicide rates (per 100 000 population),numeric,EUR,Europe,Country,LVA,Latvia,Year,2018,FALSE,Sex,Both sexes,BTSX,,,,,,,,,,14.29,,,10.37,,19.17,14.29 [10.37 – 19.17],,,EN,2021-02-08T13:00:00.000Z
MH_12,Age-standardized suicide rates (per 100 000 population),numeric,EUR,Europe,Country,BEL,Belgium,Year,2018,FALSE,Sex,Both sexes,BTSX,,,,,,,,,,14.32,,,11.99,,16.9,14.32 [11.99 – 16.9],,,EN,2021-02-08T13:00:00.000Z
MH_12,Age-standardized suicide rates (per 100 000 population),numeric,EUR,Europe,Country,FIN,Finland,Year,2018,FALSE,Sex,Both sexes,BTSX,,,,,,,,,,14.41,,,11.89,,17.18,14.41 [11.89 – 17.18],,,EN,2021-02-08T13:00:00.000Z
MH_12,Age-standardized suicide rates (per 100 000 population),numeric,AFR,Africa,Country,BFA,Burkina Faso,Year,2018,FALSE,Sex,Both sexes,BTSX,,,,,,,,,,14.68,,,8.98,,22.51,14.68 [8.98 – 22.51],,,EN,2021-02-08T13:00:00.000Z
MH_12,Age-standardized suicide rates (per 100 000 population),numeric,WPR,Western Pacific,Country,WSM,Samoa,Year,2018,FALSE,Sex,Both sexes,BTSX,,,,,,,,,,14.8,,,7.86,,23.65,14.8 [7.86 – 23.65],,,EN,2021-02-08T13:00:00.000Z
MH_12,Age-standardized suicide rates (per 100 000 population),numeric,EMR,Eastern Mediterranean,Country,SOM,Somalia,Year,2018,FALSE,Sex,Both sexes,BTSX,,,,,,,,,,14.81,,,7.05,,26.46,14.81 [7.05 – 26.46],,,EN,2021-02-08T13:00:00.000Z
MH_12,Age-standardized suicide rates (per 100 000 population),numeric,AFR,Africa,Country,TGO,Togo,Year,2018,FALSE,Sex,Both sexes,BTSX,,,,,,,,,,14.88,,,8.81,,23.34,14.88 [8.81 – 23.34],,,EN,2021-02-08T13:00:00.000Z
MH_12,Age-standardized suicide rates (per 100 000 population),numeric,AFR,Africa,Country,ZMB,Zambia,Year,2018,FALSE,Sex,Both sexes,BTSX,,,,,,,,,,15.9,,,9.82,,24.3,15.9 [9.82 – 24.3],,,EN,2021-02-08T13:00:00.000Z
MH_12,Age-standardized suicide rates (per 100 000 population),numeric,AFR,Africa,Country,CMR,Cameroon,Year,2018,FALSE,Sex,Both sexes,BTSX,,,,,,,,,,15.93,,,9.35,,25.42,15.93 [9.35 – 25.42],,,EN,2021-02-08T13:00:00.000Z
MH_12,Age-standardized suicide rates (per 100 000 population),numeric,AFR,Africa,Country,CIV,Côte d’Ivoire,Year,2018,FALSE,Sex,Both sexes,BTSX,,,,,,,,,,15.93,,,9.47,,25.01,15.93 [9.47 – 25.01],,,EN,2021-02-08T13:00:00.000Z
MH_12,Age-standardized suicide rates (per 100 000 population),numeric,AFR,Africa,Country,CPV,Cabo Verde,Year,2018,FALSE,Sex,Both sexes,BTSX,,,,,,,,,,15.96,,,10.02,,23.99,15.96 [10.02 – 23.99],,,EN,2021-02-08T13:00:00.000Z
MH_12,Age-standardized suicide rates (per 100 000 population),numeric,EUR,Europe,Country,MNE,Montenegro,Year,2018,FALSE,Sex,Both sexes,BTSX,,,,,,,,,,16.45,,,11.17,,23.72,16.45 [11.17 – 23.72],,,EN,2021-02-08T13:00:00.000Z
MH_12,Age-standardized suicide rates (per 100 000 population),numeric,WPR,Western Pacific,Country,SLB,Solomon Islands,Year,2018,FALSE,Sex,Both sexes,BTSX,,,,,,,,,,17.74,,,8.01,,28.17,17.74 [8.01 – 28.17],,,EN,2021-02-08T13:00:00.000Z
MH_12,Age-standardized suicide rates (per 100 000 population),numeric,AFR,Africa,Country,ERI,Eritrea,Year,2018,FALSE,Sex,Both sexes,BTSX,,,,,,,,,,17.84,,,9.78,,29.38,17.84 [9.78 – 29.38],,,EN,2021-02-08T13:00:00.000Z
MH_12,Age-standardized suicide rates (per 100 000 population),numeric,EUR,Europe,Country,BLR,Belarus,Year,2018,FALSE,Sex,Both sexes,BTSX,,,,,,,,,,17.94,,,12.84,,24.81,17.94 [12.84 – 24.81],,,EN,2021-02-08T13:00:00.000Z
MH_12,Age-standardized suicide rates (per 100 000 population),numeric,EUR,Europe,Country,UKR,Ukraine,Year,2018,FALSE,Sex,Both sexes,BTSX,,,,,,,,,,17.99,,,13.73,,23.05,17.99 [13.73 – 23.05],,,EN,2021-02-08T13:00:00.000Z
MH_12,Age-standardized suicide rates (per 100 000 population),numeric,WPR,Western Pacific,Country,MNG,Mongolia,Year,2018,FALSE,Sex,Both sexes,BTSX,,,,,,,,,,18.67,,,11.45,,28.76,18.67 [11.45 – 28.76],,,EN,2021-02-08T13:00:00.000Z
MH_12,Age-standardized suicide rates (per 100 000 population),numeric,AMR,Americas,Country,URY,Uruguay,Year,2018,FALSE,Sex,Both sexes,BTSX,,,,,,,,,,18.85,,,15.28,,22.85,18.85 [15.28 – 22.85],,,EN,2021-02-08T13:00:00.000Z
MH_12,Age-standardized suicide rates (per 100 000 population),numeric,EUR,Europe,Country,KAZ,Kazakhstan,Year,2018,FALSE,Sex,Both sexes,BTSX,,,,,,,,,,19.41,,,15.43,,24.18,19.41 [15.43 – 24.18],,,EN,2021-02-08T13:00:00.000Z
MH_12,Age-standardized suicide rates (per 100 000 population),numeric,EMR,Eastern Mediterranean,Country,SYR,Syrian Arab Republic,Year,2018,FALSE,Sex,Both sexes,BTSX,,,,,,,,,,2.1,,,1.28,,3.21,2.1 [1.28 – 3.21],,,EN,2021-02-08T13:00:00.000Z
MH_12,Age-standardized suicide rates (per 100 000 population),numeric,AFR,Africa,Country,STP,Sao Tome and Principe,Year,2018,FALSE,Sex,Both sexes,BTSX,,,,,,,,,,2.17,,,1.17,,3.56,2.17 [1.17 – 3.56],,,EN,2021-02-08T13:00:00.000Z
MH_12,Age-standardized suicide rates (per 100 000 population),numeric,AMR,Americas,Country,VEN,Venezuela (Bolivarian Republic of),Year,2018,FALSE,Sex,Both sexes,BTSX,,,,,,,,,,2.21,,,1.47,,3.16,2.21 [1.47 – 3.16],,,EN,2021-02-08T13:00:00.000Z
MH_12,Age-standardized suicide rates (per 100 000 population),numeric,AMR,Americas,Country,JAM,Jamaica,Year,2018,FALSE,Sex,Both sexes,BTSX,,,,,,,,,,2.21,,,1.51,,3.12,2.21 [1.51 – 3.12],,,EN,2021-02-08T13:00:00.000Z
MH_12,Age-standardized suicide rates (per 100 000 population),numeric,EUR,Europe,Country,TUR,Turkey,Year,2018,FALSE,Sex,Both sexes,BTSX,,,,,,,,,,2.25,,,1.55,,3.3,2.25 [1.55 – 3.3],,,EN,2021-02-08T13:00:00.000Z
MH_12,Age-standardized suicide rates (per 100 000 population),numeric,EMR,Eastern Mediterranean,Country,LBN,Lebanon,Year,2018,FALSE,Sex,Both sexes,BTSX,,,,,,,,,,2.53,,,1.36,,4.5,2.53 [1.36 – 4.5],,,EN,2021-02-08T13:00:00.000Z
MH_12,Age-standardized suicide rates (per 100 000 population),numeric,EMR,Eastern Mediterranean,Country,KWT,Kuwait,Year,2018,FALSE,Sex,Both sexes,BTSX,,,,,,,,,,2.56,,,1.81,,3.52,2.56 [1.81 – 3.52],,,EN,2021-02-08T13:00:00.000Z
MH_12,Age-standardized suicide rates (per 100 000 population),numeric,SEAR,South-East Asia,Country,IDN,Indonesia,Year,2018,FALSE,Sex,Both sexes,BTSX,,,,,,,,,,2.56,,,1.84,,3.52,2.56 [1.84 – 3.52],,,EN,2021-02-08T13:00:00.000Z
MH_12,Age-standardized suicide rates (per 100 000 population),numeric,AFR,Africa,Country,DZA,Algeria,Year,2018,FALSE,Sex,Both sexes,BTSX,,,,,,,,,,2.58,,,1.39,,4.43,2.58 [1.39 – 4.43],,,EN,2021-02-08T13:00:00.000Z
MH_12,Age-standardized suicide rates (per 100 000 population),numeric,WPR,Western Pacific,Country,PHL,Philippines,Year,2018,FALSE,Sex,Both sexes,BTSX,,,,,,,,,,2.58,,,1.84,,9.33,2.58 [1.84 – 9.33],,,EN,2021-02-08T13:00:00.000Z
MH_12,Age-standardized suicide rates (per 100 000 population),numeric,AMR,Americas,Country,HND,Honduras,Year,2018,FALSE,Sex,Both sexes,BTSX,,,,,,,,,,2.6,,,1.35,,5.02,2.6 [1.35 – 5.02],,,EN,2021-02-08T13:00:00.000Z
MH_12,Age-standardized suicide rates (per 100 000 population),numeric,AMR,Americas,Country,PER,Peru,Year,2018,FALSE,Sex,Both sexes,BTSX,,,,,,,,,,2.74,,,1.58,,4.24,2.74 [1.58 – 4.24],,,EN,2021-02-08T13:00:00.000Z
MH_12,Age-standardized suicide rates (per 100 000 population),numeric,SEAR,South-East Asia,Country,MDV,Maldives,Year,2018,FALSE,Sex,Both sexes,BTSX,,,,,,,,,,2.92,,,1.85,,4.34,2.92 [1.85 – 4.34],,,EN,2021-02-08T13:00:00.000Z
MH_12,Age-standardized suicide rates (per 100 000 population),numeric,AMR,Americas,Country,PAN,Panama,Year,2018,FALSE,Sex,Both sexes,BTSX,,,,,,,,,,2.92,,,2.04,,4.05,2.92 [2.04 – 4.05],,,EN,2021-02-08T13:00:00.000Z
MH_12,Age-standardized suicide rates (per 100 000 population),numeric,SEAR,South-East Asia,Country,MMR,Myanmar,Year,2018,FALSE,Sex,Both sexes,BTSX,,,,,,,,,,2.96,,,1.82,,4.45,2.96 [1.82 – 4.45],,,EN,2021-02-08T13:00:00.000Z
MH_12,Age-standardized suicide rates (per 100 000 population),numeric,EUR,Europe,Country,LTU,Lithuania,Year,2018,FALSE,Sex,Both sexes,BTSX,,,,,,,,,,21.08,,,16.74,,26.13,21.08 [16.74 – 26.13],,,EN,2021-02-08T13:00:00.000Z
MH_12,Age-standardized suicide rates (per 100 000 population),numeric,WPR,Western Pacific,Country,VUT,Vanuatu,Year,2018,FALSE,Sex,Both sexes,BTSX,,,,,,,,,,21.09,,,10.92,,33.47,21.09 [10.92 – 33.47],,,EN,2021-02-08T13:00:00.000Z
MH_12,Age-standardized suicide rates (per 100 000 population),numeric,WPR,Western Pacific,Country,KOR,Republic of Korea,Year,2018,FALSE,Sex,Both sexes,BTSX,,,,,,,,,,21.27,,,12.2,,30.36,21.27 [12.2 – 30.36],,,EN,2021-02-08T13:00:00.000Z
MH_12,Age-standardized suicide rates (per 100 000 population),numeric,AFR,Africa,Country,BWA,Botswana,Year,2018,FALSE,Sex,Both sexes,BTSX,,,,,,,,,,22.06,,,11.83,,37.63,22.06 [11.83 – 37.63],,,EN,2021-02-08T13:00:00.000Z
MH_12,Age-standardized suicide rates (per 100 000 population),numeric,AFR,Africa,Country,MOZ,Mozambique,Year,2018,FALSE,Sex,Both sexes,BTSX,,,,,,,,,,23.19,,,13.65,,36.15,23.19 [13.65 – 36.15],,,EN,2021-02-08T13:00:00.000Z
MH_12,Age-standardized suicide rates (per 100 000 population),numeric,EUR,Europe,Country,RUS,Russian Federation,Year,2018,FALSE,Sex,Both sexes,BTSX,,,,,,,,,,23.4,,,20.28,,27.37,23.4 [20.28 – 27.37],,,EN,2021-02-08T13:00:00.000Z
MH_12,Age-standardized suicide rates (per 100 000 population),numeric,AFR,Africa,Country,CAF,Central African Republic,Year,2018,FALSE,Sex,Both sexes,BTSX,,,,,,,,,,23.65,,,13.09,,38.76,23.65 [13.09 – 38.76],,,EN,2021-02-08T13:00:00.000Z
MH_12,Age-standardized suicide rates (per 100 000 population),numeric,AFR,Africa,Country,ZWE,Zimbabwe,Year,2018,FALSE,Sex,Both sexes,BTSX,,,,,,,,,,23.87,,,12.73,,37.82,23.87 [12.73 – 37.82],,,EN,2021-02-08T13:00:00.000Z
MH_12,Age-standardized suicide rates (per 100 000 population),numeric,AFR,Africa,Country,ZAF,South Africa,Year,2018,FALSE,Sex,Both sexes,BTSX,,,,,,,,,,24.39,,,16.4,,33.82,24.39 [16.4 – 33.82],,,EN,2021-02-08T13:00:00.000Z
MH_12,Age-standardized suicide rates (per 100 000 population),numeric,AMR,Americas,Country,SUR,Suriname,Year,2018,FALSE,Sex,Both sexes,BTSX,,,,,,,,,,26.23,,,17.99,,36.64,26.23 [17.99 – 36.64],,,EN,2021-02-08T13:00:00.000Z
MH_12,Age-standardized suicide rates (per 100 000 population),numeric,WPR,Western Pacific,Country,FSM,Micronesia (Federated States of),Year,2018,FALSE,Sex,Both sexes,BTSX,,,,,,,,,,29.07,,,11.88,,46.69,29.07 [11.88 – 46.69],,,EN,2021-02-08T13:00:00.000Z
MH_12,Age-standardized suicide rates (per 100 000 population),numeric,WPR,Western Pacific,Country,BRN,Brunei Darussalam,Year,2018,FALSE,Sex,Both sexes,BTSX,,,,,,,,,,3.04,,,1.98,,4.25,3.04 [1.98 – 4.25],,,EN,2021-02-08T13:00:00.000Z
MH_12,Age-standardized suicide rates (per 100 000 population),numeric,EMR,Eastern Mediterranean,Country,TUN,Tunisia,Year,2018,FALSE,Sex,Both sexes,BTSX,,,,,,,,,,3.09,,,1.66,,5.28,3.09 [1.66 – 5.28],,,EN,2021-02-08T13:00:00.000Z
MH_12,Age-standardized suicide rates (per 100 000 population),numeric,EMR,Eastern Mediterranean,Country,EGY,Egypt,Year,2018,FALSE,Sex,Both sexes,BTSX,,,,,,,,,,3.37,,,1.55,,6.48,3.37 [1.55 – 6.48],,,EN,2021-02-08T13:00:00.000Z
MH_12,Age-standardized suicide rates (per 100 000 population),numeric,AMR,Americas,Country,BHS,Bahamas,Year,2018,FALSE,Sex,Both sexes,BTSX,,,,,,,,,,3.4,,,2.35,,4.79,3.4 [2.35 – 4.79],,,EN,2021-02-08T13:00:00.000Z
MH_12,Age-standardized suicide rates (per 100 000 population),numeric,WPR,Western Pacific,Country,PNG,Papua New Guinea,Year,2018,FALSE,Sex,Both sexes,BTSX,,,,,,,,,,3.51,,,2,,6.14,3.51 [2 – 6.14],,,EN,2021-02-08T13:00:00.000Z
MH_12,Age-standardized suicide rates (per 100 000 population),numeric,EUR,Europe,Country,CYP,Cyprus,Year,2018,FALSE,Sex,Both sexes,BTSX,,,,,,,,,,3.64,,,2.3,,5,3.64 [2.3 – 5],,,EN,2021-02-08T13:00:00.000Z
MH_12,Age-standardized suicide rates (per 100 000 population),numeric,EUR,Europe,Country,GRC,Greece,Year,2018,FALSE,Sex,Both sexes,BTSX,,,,,,,,,,3.65,,,2.88,,4.58,3.65 [2.88 – 4.58],,,EN,2021-02-08T13:00:00.000Z
MH_12,Age-standardized suicide rates (per 100 000 population),numeric,SEAR,South-East Asia,Country,BGD,Bangladesh,Year,2018,FALSE,Sex,Both sexes,BTSX,,,,,,,,,,3.75,,,2.34,,5.76,3.75 [2.34 – 5.76],,,EN,2021-02-08T13:00:00.000Z
MH_12,Age-standardized suicide rates (per 100 000 population),numeric,AMR,Americas,Country,COL,Colombia,Year,2018,FALSE,Sex,Both sexes,BTSX,,,,,,,,,,3.87,,,2.71,,8.63,3.87 [2.71 – 8.63],,,EN,2021-02-08T13:00:00.000Z
MH_12,Age-standardized suicide rates (per 100 000 population),numeric,EUR,Europe,Country,AZE,Azerbaijan,Year,2018,FALSE,Sex,Both sexes,BTSX,,,,,,,,,,3.92,,,2.31,,6.16,3.92 [2.31 – 6.16],,,EN,2021-02-08T13:00:00.000Z
MH_12,Age-standardized suicide rates (per 100 000 population),numeric,EUR,Europe,Country,ALB,Albania,Year,2018,FALSE,Sex,Both sexes,BTSX,,,,,,,,,,3.94,,,2.18,,6.03,3.94 [2.18 – 6.03],,,EN,2021-02-08T13:00:00.000Z
MH_12,Age-standardized suicide rates (per 100 000 population),numeric,WPR,Western Pacific,Country,KIR,Kiribati,Year,2018,FALSE,Sex,Both sexes,BTSX,,,,,,,,,,30.27,,,19.01,,45.1,30.27 [19.01 – 45.1],,,EN,2021-02-08T13:00:00.000Z
MH_12,Age-standardized suicide rates (per 100 000 population),numeric,EMR,Eastern Mediterranean,Country,OMN,Oman,Year,2018,FALSE,Sex,Both sexes,BTSX,,,,,,,,,,4.37,,,2.64,,7.39,4.37 [2.64 – 7.39],,,EN,2021-02-08T13:00:00.000Z
MH_12,Age-standardized suicide rates (per 100 000 population),numeric,EUR,Europe,Country,ITA,Italy,Year,2018,FALSE,Sex,Both sexes,BTSX,,,,,,,,,,4.42,,,4.06,,6.95,4.42 [4.06 – 6.95],,,EN,2021-02-08T13:00:00.000Z
MH_12,Age-standardized suicide rates (per 100 000 population),numeric,SEAR,South-East Asia,Country,TLS,Timor-Leste,Year,2018,FALSE,Sex,Both sexes,BTSX,,,,,,,,,,4.46,,,1.66,,7.63,4.46 [1.66 – 7.63],,,EN,2021-02-08T13:00:00.000Z
MH_12,Age-standardized suicide rates (per 100 000 population),numeric,WPR,Western Pacific,Country,TON,Tonga,Year,2018,FALSE,Sex,Both sexes,BTSX,,,,,,,,,,4.57,,,2.73,,7.2,4.57 [2.73 – 7.2],,,EN,2021-02-08T13:00:00.000Z
MH_12,Age-standardized suicide rates (per 100 000 population),numeric,EMR,Eastern Mediterranean,Country,QAT,Qatar,Year,2018,FALSE,Sex,Both sexes,BTSX,,,,,,,,,,4.61,,,2.86,,7.29,4.61 [2.86 – 7.29],,,EN,2021-02-08T13:00:00.000Z
MH_12,Age-standardized suicide rates (per 100 000 population),numeric,EMR,Eastern Mediterranean,Country,SDN,Sudan,Year,2018,FALSE,Sex,Both sexes,BTSX,,,,,,,,,,4.81,,,2.36,,8.42,4.81 [2.36 – 8.42],,,EN,2021-02-08T13:00:00.000Z
MH_12,Age-standardized suicide rates (per 100 000 population),numeric,EMR,Eastern Mediterranean,Country,IRQ,Iraq,Year,2018,FALSE,Sex,Both sexes,BTSX,,,,,,,,,,4.88,,,2.9,,7.69,4.88 [2.9 – 7.69],,,EN,2021-02-08T13:00:00.000Z
MH_12,Age-standardized suicide rates (per 100 000 population),numeric,AFR,Africa,Country,SWZ,Eswatini,Year,2018,FALSE,Sex,Both sexes,BTSX,,,,,,,,,,40.13,,,19.65,,68.75,40.13 [19.65 – 68.75],,,EN,2021-02-08T13:00:00.000Z
MH_12,Age-standardized suicide rates (per 100 000 population),numeric,AMR,Americas,Country,GUY,Guyana,Year,2018,FALSE,Sex,Both sexes,BTSX,,,,,,,,,,40.41,,,27.27,,65.06,40.41 [27.27 – 65.06],,,EN,2021-02-08T13:00:00.000Z
MH_12,Age-standardized suicide rates (per 100 000 population),numeric,EMR,Eastern Mediterranean,Country,ARE,United Arab Emirates,Year,2018,FALSE,Sex,Both sexes,BTSX,,,,,,,,,,5.01,,,2.8,,8.05,5.01 [2.8 – 8.05],,,EN,2021-02-08T13:00:00.000Z
MH_12,Age-standardized suicide rates (per 100 000 population),numeric,AMR,Americas,Country,NIC,Nicaragua,Year,2018,FALSE,Sex,Both sexes,BTSX,,,,,,,,,,5.04,,,3.42,,15.06,5.04 [3.42 – 15.06],,,EN,2021-02-08T13:00:00.000Z
MH_12,Age-standardized suicide rates (per 100 000 population),numeric,SEAR,South-East Asia,Country,BTN,Bhutan,Year,2018,FALSE,Sex,Both sexes,BTSX,,,,,,,,,,5.11,,,2.75,,8.58,5.11 [2.75 – 8.58],,,EN,2021-02-08T13:00:00.000Z
MH_12,Age-standardized suicide rates (per 100 000 population),numeric,EUR,Europe,Country,ISR,Israel,Year,2018,FALSE,Sex,Both sexes,BTSX,,,,,,,,,,5.26,,,4.2,,6.51,5.26 [4.2 – 6.51],,,EN,2021-02-08T13:00:00.000Z
MH_12,Age-standardized suicide rates (per 100 000 population),numeric,EUR,Europe,Country,MLT,Malta,Year,2018,FALSE,Sex,Both sexes,BTSX,,,,,,,,,,5.28,,,3.94,,6.89,5.28 [3.94 – 6.89],,,EN,2021-02-08T13:00:00.000Z
MH_12,Age-standardized suicide rates (per 100 000 population),numeric,EUR,Europe,Country,TJK,Tajikistan,Year,2018,FALSE,Sex,Both sexes,BTSX,,,,,,,,,,5.29,,,3.28,,7.81,5.29 [3.28 – 7.81],,,EN,2021-02-08T13:00:00.000Z
MH_12,Age-standardized suicide rates (per 100 000 population),numeric,AMR,Americas,Country,MEX,Mexico,Year,2018,FALSE,Sex,Both sexes,BTSX,,,,,,,,,,5.36,,,4.59,,6.18,5.36 [4.59 – 6.18],,,EN,2021-02-08T13:00:00.000Z
MH_12,Age-standardized suicide rates (per 100 000 population),numeric,EUR,Europe,Country,ESP,Spain,Year,2018,FALSE,Sex,Both sexes,BTSX,,,,,,,,,,5.38,,,4.38,,6.49,5.38 [4.38 – 6.49],,,EN,2021-02-08T13:00:00.000Z
MH_12,Age-standardized suicide rates (per 100 000 population),numeric,AFR,Africa,Country,MRT,Mauritania,Year,2018,FALSE,Sex,Both sexes,BTSX,,,,,,,,,,5.42,,,2.76,,9.9,5.42 [2.76 – 9.9],,,EN,2021-02-08T13:00:00.000Z
MH_12,Age-standardized suicide rates (per 100 000 population),numeric,AMR,Americas,Country,DOM,Dominican Republic,Year,2018,FALSE,Sex,Both sexes,BTSX,,,,,,,,,,5.49,,,3.23,,8.94,5.49 [3.23 – 8.94],,,EN,2021-02-08T13:00:00.000Z
MH_12,Age-standardized suicide rates (per 100 000 population),numeric,EMR,Eastern Mediterranean,Country,IRN,Iran (Islamic Republic of),Year,2018,FALSE,Sex,Both sexes,BTSX,,,,,,,,,,5.49,,,4.31,,6.73,5.49 [4.31 – 6.73],,,EN,2021-02-08T13:00:00.000Z
MH_12,Age-standardized suicide rates (per 100 000 population),numeric,EMR,Eastern Mediterranean,Country,SAU,Saudi Arabia,Year,2018,FALSE,Sex,Both sexes,BTSX,,,,,,,,,,5.57,,,3.35,,8.66,5.57 [3.35 – 8.66],,,EN,2021-02-08T13:00:00.000Z
MH_12,Age-standardized suicide rates (per 100 000 population),numeric,WPR,Western Pacific,Country,MYS,Malaysia,Year,2018,FALSE,Sex,Both sexes,BTSX,,,,,,,,,,5.58,,,3.48,,8.62,5.58 [3.48 – 8.62],,,EN,2021-02-08T13:00:00.000Z
MH_12,Age-standardized suicide rates (per 100 000 population),numeric,WPR,Western Pacific,Country,KHM,Cambodia,Year,2018,FALSE,Sex,Both sexes,BTSX,,,,,,,,,,5.59,,,3.34,,8.57,5.59 [3.34 – 8.57],,,EN,2021-02-08T13:00:00.000Z
MH_12,Age-standardized suicide rates (per 100 000 population),numeric,EMR,Eastern Mediterranean,Country,LBY,Libya,Year,2018,FALSE,Sex,Both sexes,BTSX,,,,,,,,,,5.7,,,3.23,,9.39,5.7 [3.23 – 9.39],,,EN,2021-02-08T13:00:00.000Z
MH_12,Age-standardized suicide rates (per 100 000 population),numeric,EMR,Eastern Mediterranean,Country,AFG,Afghanistan,Year,2018,FALSE,Sex,Both sexes,BTSX,,,,,,,,,,5.91,,,3.38,,9.81,5.91 [3.38 – 9.81],,,EN,2021-02-08T13:00:00.000Z
MH_12,Age-standardized suicide rates (per 100 000 population),numeric,AMR,Americas,Country,SLV,El Salvador,Year,2018,FALSE,Sex,Both sexes,BTSX,,,,,,,,,,6.07,,,3.75,,13.13,6.07 [3.75 – 13.13],,,EN,2021-02-08T13:00:00.000Z
MH_12,Age-standardized suicide rates (per 100 000 population),numeric,EUR,Europe,Country,TKM,Turkmenistan,Year,2018,FALSE,Sex,Both sexes,BTSX,,,,,,,,,,6.09,,,4.35,,8.32,6.09 [4.35 – 8.32],,,EN,2021-02-08T13:00:00.000Z
MH_12,Age-standardized suicide rates (per 100 000 population),numeric,AMR,Americas,Country,PRY,Paraguay,Year,2018,FALSE,Sex,Both sexes,BTSX,,,,,,,,,,6.1,,,3.48,,8.91,6.1 [3.48 – 8.91],,,EN,2021-02-08T13:00:00.000Z
MH_12,Age-standardized suicide rates (per 100 000 population),numeric,WPR,Western Pacific,Country,LAO,Lao People's Democratic Republic,Year,2018,FALSE,Sex,Both sexes,BTSX,,,,,,,,,,6.18,,,3.38,,9.95,6.18 [3.38 – 9.95],,,EN,2021-02-08T13:00:00.000Z
MH_12,Age-standardized suicide rates (per 100 000 population),numeric,AMR,Americas,Country,GTM,Guatemala,Year,2018,FALSE,Sex,Both sexes,BTSX,,,,,,,,,,6.31,,,4.56,,8.51,6.31 [4.56 – 8.51],,,EN,2021-02-08T13:00:00.000Z
MH_12,Age-standardized suicide rates (per 100 000 population),numeric,AMR,Americas,Country,BRA,Brazil,Year,2018,FALSE,Sex,Both sexes,BTSX,,,,,,,,,,6.51,,,5.95,,11.53,6.51 [5.95 – 11.53],,,EN,2021-02-08T13:00:00.000Z
MH_12,Age-standardized suicide rates (per 100 000 population),numeric,EUR,Europe,Country,BGR,Bulgaria,Year,2018,FALSE,Sex,Both sexes,BTSX,,,,,,,,,,6.6,,,4.74,,8.89,6.6 [4.74 – 8.89],,,EN,2021-02-08T13:00:00.000Z
MH_12,Age-standardized suicide rates (per 100 000 population),numeric,AFR,Africa,Country,SSD,South Sudan,Year,2018,FALSE,Sex,Both sexes,BTSX,,,,,,,,,,6.65,,,3.7,,11.3,6.65 [3.7 – 11.3],,,EN,2021-02-08T13:00:00.000Z
MH_12,Age-standardized suicide rates (per 100 000 population),numeric,AMR,Americas,Country,CRI,Costa Rica,Year,2018,FALSE,Sex,Both sexes,BTSX,,,,,,,,,,6.79,,,4.88,,14.06,6.79 [4.88 – 14.06],,,EN,2021-02-08T13:00:00.000Z
MH_12,Age-standardized suicide rates (per 100 000 population),numeric,WPR,Western Pacific,Country,CHN,China,Year,2018,FALSE,Sex,Both sexes,BTSX,,,,,,,,,,6.81,,,5.32,,8.72,6.81 [5.32 – 8.72],,,EN,2021-02-08T13:00:00.000Z
MH_12,Age-standardized suicide rates (per 100 000 population),numeric,AFR,Africa,Country,NGA,Nigeria,Year,2018,FALSE,Sex,Both sexes,BTSX,,,,,,,,,,6.95,,,3.9,,11.71,6.95 [3.9 – 11.71],,,EN,2021-02-08T13:00:00.000Z
MH_12,Age-standardized suicide rates (per 100 000 population),numeric,AMR,Americas,Country,BOL,Bolivia (Plurinational State of),Year,2018,FALSE,Sex,Both sexes,BTSX,,,,,,,,,,6.97,,,3.69,,11.45,6.97 [3.69 – 11.45],,,EN,2021-02-08T13:00:00.000Z
MH_12,Age-standardized suicide rates (per 100 000 population),numeric,EMR,Eastern Mediterranean,Country,BHR,Bahrain,Year,2018,FALSE,Sex,Both sexes,BTSX,,,,,,,,,,7.04,,,4.37,,10.14,7.04 [4.37 – 10.14],,,EN,2021-02-08T13:00:00.000Z
MH_12,Age-standardized suicide rates (per 100 000 population),numeric,AMR,Americas,Country,LCA,Saint Lucia,Year,2018,FALSE,Sex,Both sexes,BTSX,,,,,,,,,,7.06,,,5.08,,9.52,7.06 [5.08 – 9.52],,,EN,2021-02-08T13:00:00.000Z
MH_12,Age-standardized suicide rates (per 100 000 population),numeric,EUR,Europe,Country,GBR,United Kingdom of Great Britain and Northern Ireland,Year,2018,FALSE,Sex,Both sexes,BTSX,,,,,,,,,,7.08,,,6.72,,7.49,7.08 [6.72 – 7.49],,,EN,2021-02-08T13:00:00.000Z
MH_12,Age-standardized suicide rates (per 100 000 population),numeric,EMR,Eastern Mediterranean,Country,YEM,Yemen,Year,2018,FALSE,Sex,Both sexes,BTSX,,,,,,,,,,7.09,,,3.58,,12.17,7.09 [3.58 – 12.17],,,EN,2021-02-08T13:00:00.000Z
MH_12,Age-standardized suicide rates (per 100 000 population),numeric,AMR,Americas,Country,BLZ,Belize,Year,2018,FALSE,Sex,Both sexes,BTSX,,,,,,,,,,7.16,,,5.24,,9.52,7.16 [5.24 – 9.52],,,EN,2021-02-08T13:00:00.000Z
MH_12,Age-standardized suicide rates (per 100 000 population),numeric,EUR,Europe,Country,MKD,The former Yugoslav Republic of Macedonia,Year,2018,FALSE,Sex,Both sexes,BTSX,,,,,,,,,,7.22,,,4.81,,10.42,7.22 [4.81 – 10.42],,,EN,2021-02-08T13:00:00.000Z
MH_12,Age-standardized suicide rates (per 100 000 population),numeric,EMR,Eastern Mediterranean,Country,MAR,Morocco,Year,2018,FALSE,Sex,Both sexes,BTSX,,,,,,,,,,7.3,,,3.43,,13.55,7.3 [3.43 – 13.55],,,EN,2021-02-08T13:00:00.000Z
MH_12,Age-standardized suicide rates (per 100 000 population),numeric,WPR,Western Pacific,Country,VNM,Viet Nam,Year,2018,FALSE,Sex,Both sexes,BTSX,,,,,,,,,,7.37,,,4,,11.51,7.37 [4 – 11.51],,,EN,2021-02-08T13:00:00.000Z
MH_12,Age-standardized suicide rates (per 100 000 population),numeric,AFR,Africa,Country,LBR,Liberia,Year,2018,FALSE,Sex,Both sexes,BTSX,,,,,,,,,,7.42,,,3.78,,13.86,7.42 [3.78 – 13.86],,,EN,2021-02-08T13:00:00.000Z
MH_12,Age-standardized suicide rates (per 100 000 population),numeric,EUR,Europe,Country,PRT,Portugal,Year,2018,FALSE,Sex,Both sexes,BTSX,,,,,,,,,,7.5,,,5.98,,9.32,7.5 [5.98 – 9.32],,,EN,2021-02-08T13:00:00.000Z
MH_12,Age-standardized suicide rates (per 100 000 population),numeric,EUR,Europe,Country,ROU,Romania,Year,2018,FALSE,Sex,Both sexes,BTSX,,,,,,,,,,7.71,,,6.09,,9.56,7.71 [6.09 – 9.56],,,EN,2021-02-08T13:00:00.000Z
MH_12,Age-standardized suicide rates (per 100 000 population),numeric,WPR,Western Pacific,Country,SGP,Singapore,Year,2018,FALSE,Sex,Both sexes,BTSX,,,,,,,,,,7.76,,,6.3,,9.42,7.76 [6.3 – 9.42],,,EN,2021-02-08T13:00:00.000Z
MH_12,Age-standardized suicide rates (per 100 000 population),numeric,EUR,Europe,Country,GEO,Georgia,Year,2018,FALSE,Sex,Both sexes,BTSX,,,,,,,,,,7.85,,,5.52,,10.74,7.85 [5.52 – 10.74],,,EN,2021-02-08T13:00:00.000Z
MH_12,Age-standardized suicide rates (per 100 000 population),numeric,EUR,Europe,Country,SRB,Serbia,Year,2018,FALSE,Sex,Both sexes,BTSX,,,,,,,,,,7.86,,,5.54,,10.73,7.86 [5.54 – 10.73],,,EN,2021-02-08T13:00:00.000Z
MH_12,Age-standardized suicide rates (per 100 000 population),numeric,AFR,Africa,Country,SYC,Seychelles,Year,2018,FALSE,Sex,Both sexes,BTSX,,,,,,,,,,7.87,,,5.27,,11.12,7.87 [5.27 – 11.12],,,EN,2021-02-08T13:00:00.000Z
MH_12,Age-standardized suicide rates (per 100 000 population),numeric,SEAR,South-East Asia,Country,THA,Thailand,Year,2018,FALSE,Sex,Both sexes,BTSX,,,,,,,,,,7.9,,,5.05,,11.45,7.9 [5.05 – 11.45],,,EN,2021-02-08T13:00:00.000Z
MH_12,Age-standardized suicide rates (per 100 000 population),numeric,AMR,Americas,Country,CHL,Chile,Year,2018,FALSE,Sex,Both sexes,BTSX,,,,,,,,,,7.96,,,6.54,,9.55,7.96 [6.54 – 9.55],,,EN,2021-02-08T13:00:00.000Z
MH_12,Age-standardized suicide rates (per 100 000 population),numeric,AFR,Africa,Country,MLI,Mali,Year,2018,FALSE,Sex,Both sexes,BTSX,,,,,,,,,,7.98,,,4.05,,14.64,7.98 [4.05 – 14.64],,,EN,2021-02-08T13:00:00.000Z
MH_12,Age-standardized suicide rates (per 100 000 population),numeric,EUR,Europe,Country,LUX,Luxembourg,Year,2018,FALSE,Sex,Both sexes,BTSX,,,,,,,,,,8.03,,,6.07,,10.39,8.03 [6.07 – 10.39],,,EN,2021-02-08T13:00:00.000Z
MH_12,Age-standardized suicide rates (per 100 000 population),numeric,AFR,Africa,Country,TZA,United Republic of Tanzania,Year,2018,FALSE,Sex,Both sexes,BTSX,,,,,,,,,,8.04,,,4.98,,12.26,8.04 [4.98 – 12.26],,,EN,2021-02-08T13:00:00.000Z
MH_12,Age-standardized suicide rates (per 100 000 population),numeric,AMR,Americas,Country,ECU,Ecuador,Year,2018,FALSE,Sex,Both sexes,BTSX,,,,,,,,,,8.12,,,4.52,,11.14,8.12 [4.52 – 11.14],,,EN,2021-02-08T13:00:00.000Z
MH_12,Age-standardized suicide rates (per 100 000 population),numeric,EUR,Europe,Country,BIH,Bosnia and Herzegovina,Year,2018,FALSE,Sex,Both sexes,BTSX,,,,,,,,,,8.18,,,5.16,,11.53,8.18 [5.16 – 11.53],,,EN,2021-02-08T13:00:00.000Z
MH_12,Age-standardized suicide rates (per 100 000 population),numeric,EUR,Europe,Country,DNK,Denmark,Year,2018,FALSE,Sex,Both sexes,BTSX,,,,,,,,,,8.18,,,6.51,,10.16,8.18 [6.51 – 10.16],,,EN,2021-02-08T13:00:00.000Z
MH_12,Age-standardized suicide rates (per 100 000 population),numeric,SEAR,South-East Asia,Country,PRK,Democratic People's Republic of Korea,Year,2018,FALSE,Sex,Both sexes,BTSX,,,,,,,,,,8.19,,,4.59,,13.86,8.19 [4.59 – 13.86],,,EN,2021-02-08T13:00:00.000Z
MH_12,Age-standardized suicide rates (per 100 000 population),numeric,AFR,Africa,Country,MUS,Mauritius,Year,2018,FALSE,Sex,Both sexes,BTSX,,,,,,,,,,8.19,,,6.09,,10.7,8.19 [6.09 – 10.7],,,EN,2021-02-08T13:00:00.000Z
MH_12,Age-standardized suicide rates (per 100 000 population),numeric,EUR,Europe,Country,DEU,Germany,Year,2018,FALSE,Sex,Both sexes,BTSX,,,,,,,,,,8.46,,,6.99,,10.07,8.46 [6.99 – 10.07],,,EN,2021-02-08T13:00:00.000Z
MH_12,Age-standardized suicide rates (per 100 000 population),numeric,AFR,Africa,Country,COM,Comoros,Year,2018,FALSE,Sex,Both sexes,BTSX,,,,,,,,,,8.48,,,4.17,,15.73,8.48 [4.17 – 15.73],,,EN,2021-02-08T13:00:00.000Z
MH_12,Age-standardized suicide rates (per 100 000 population),numeric,AMR,Americas,Country,TTO,Trinidad and Tobago,Year,2018,FALSE,Sex,Both sexes,BTSX,,,,,,,,,,8.5,,,5.57,,12.27,8.5 [5.57 – 12.27],,,EN,2021-02-08T13:00:00.000Z
MH_12,Age-standardized suicide rates (per 100 000 population),numeric,EUR,Europe,Country,UZB,Uzbekistan,Year,2018,FALSE,Sex,Both sexes,BTSX,,,,,,,,,,8.73,,,6.72,,11.05,8.73 [6.72 – 11.05],,,EN,2021-02-08T13:00:00.000Z
MH_12,Age-standardized suicide rates (per 100 000 population),numeric,EUR,Europe,Country,KGZ,Kyrgyzstan,Year,2018,FALSE,Sex,Both sexes,BTSX,,,,,,,,,,8.92,,,7.03,,11.15,8.92 [7.03 – 11.15],,,EN,2021-02-08T13:00:00.000Z
MH_12,Age-standardized suicide rates (per 100 000 population),numeric,AMR,Americas,Country,ARG,Argentina,Year,2018,FALSE,Sex,Both sexes,BTSX,,,,,,,,,,8.99,,,7.25,,10.95,8.99 [7.25 – 10.95],,,EN,2021-02-08T13:00:00.000Z
MH_12,Age-standardized suicide rates (per 100 000 population),numeric,EUR,Europe,Country,NLD,Netherlands,Year,2018,FALSE,Sex,Both sexes,BTSX,,,,,,,,,,9.09,,,7.54,,10.83,9.09 [7.54 – 10.83],,,EN,2021-02-08T13:00:00.000Z
MH_12,Age-standardized suicide rates (per 100 000 population),numeric,EUR,Europe,Country,IRL,Ireland,Year,2018,FALSE,Sex,Both sexes,BTSX,,,,,,,,,,9.17,,,7.32,,11.34,9.17 [7.32 – 11.34],,,EN,2021-02-08T13:00:00.000Z
MH_12,Age-standardized suicide rates (per 100 000 population),numeric,AFR,Africa,Country,MDG,Madagascar,Year,2018,FALSE,Sex,Both sexes,BTSX,,,,,,,,,,9.24,,,5.46,,14.75,9.24 [5.46 – 14.75],,,EN,2021-02-08T13:00:00.000Z
MH_12,Age-standardized suicide rates (per 100 000 population),numeric,EUR,Europe,Country,SVK,Slovakia,Year,2018,FALSE,Sex,Both sexes,BTSX,,,,,,,,,,9.43,,,6.35,,19.9,9.43 [6.35 – 19.9],,,EN,2021-02-08T13:00:00.000Z
MH_12,Age-standardized suicide rates (per 100 000 population),numeric,AFR,Africa,Country,RWA,Rwanda,Year,2018,FALSE,Sex,Both sexes,BTSX,,,,,,,,,,9.52,,,5.56,,15.46,9.52 [5.56 – 15.46],,,EN,2021-02-08T13:00:00.000Z
MH_12,Age-standardized suicide rates (per 100 000 population),numeric,AFR,Africa,Country,ETH,Ethiopia,Year,2018,FALSE,Sex,Both sexes,BTSX,,,,,,,,,,9.54,,,6.69,,13.6,9.54 [6.69 – 13.6],,,EN,2021-02-08T13:00:00.000Z
MH_12,Age-standardized suicide rates (per 100 000 population),numeric,AFR,Africa,Country,GMB,Gambia,Year,2018,FALSE,Sex,Both sexes,BTSX,,,,,,,,,,9.62,,,5.15,,16.42,9.62 [5.15 – 16.42],,,EN,2021-02-08T13:00:00.000Z
MH_12,Age-standardized suicide rates (per 100 000 population),numeric,SEAR,South-East Asia,Country,NPL,Nepal,Year,2018,FALSE,Sex,Both sexes,BTSX,,,,,,,,,,9.69,,,5.25,,15.14,9.69 [5.25 – 15.14],,,EN,2021-02-08T13:00:00.000Z
MH_12,Age-standardized suicide rates (per 100 000 population),numeric,WPR,Western Pacific,Country,FJI,Fiji,Year,2018,FALSE,Sex,Both sexes,BTSX,,,,,,,,,,9.72,,,6.06,,14.69,9.72 [6.06 – 14.69],,,EN,2021-02-08T13:00:00.000Z
MH_12,Age-standardized suicide rates (per 100 000 population),numeric,EMR,Eastern Mediterranean,Country,PAK,Pakistan,Year,2018,FALSE,Sex,Both sexes,BTSX,,,,,,,,,,9.79,,,4.72,,17.73,9.79 [4.72 – 17.73],,,EN,2021-02-08T13:00:00.000Z
MH_12,Age-standardized suicide rates (per 100 000 population),numeric,EUR,Europe,Country,CHE,Switzerland,Year,2018,FALSE,Sex,Both sexes,BTSX,,,,,,,,,,9.88,,,8.08,,11.88,9.88 [8.08 – 11.88],,,EN,2021-02-08T13:00:00.000Z
MH_12,Age-standardized suicide rates (per 100 000 population),numeric,AFR,Africa,Country,LSO,Lesotho,Year,2018,FALSE,Sex,Both sexes,BTSX,,,,,,,,,,93.07,,,34.29,,176.3,93.07 [34.29 – 176.3],,,EN,2021-02-08T13:00:00.000Z
